{
    "KY45@gmail.com": [
        {
            "name": "Alice",
            "profilePic": "mainlogin"
        }
    ],
    "bob@example.com": [
        {
            "name": "Bob",
            "profilePic": "https://example.com/images/bob.jpg"
        }
    ],
    "carol@example.com": [
        {
            "name": "Carol",
            "profilePic": "https://example.com/images/carol.jpg"
        }
    ],
    "dave@example.com": [
        {
            "name": "Dave",
            "profilePic": "https://example.com/images/dave.jpg"
        }
    ],
    "eve@example.com": [
        {
            "name": "Eve",
            "profilePic": "https://example.com/images/eve.jpg"
        }
    ]
}